URL,Date
https://www.shapexui.site,2025-01-22
https://www.shapexui.site/blocks/login,2025-01-22
https://www.shapexui.site/blocks/signup,2025-01-22
https://www.shapexui.site/blocks/article,2025-01-22
https://www.shapexui.site/blocks/blog,2025-01-22
https://www.shapexui.site/blocks/contact,2025-01-22
https://www.shapexui.site/blocks/cta,2025-01-22
https://www.shapexui.site/blocks/faq,2025-01-22
https://www.shapexui.site/blocks/feature,2025-01-22
https://www.shapexui.site/blocks/footer,2025-01-22
https://www.shapexui.site/blocks/gallery,2025-01-22
https://www.shapexui.site/blocks/header,2025-01-22
https://www.shapexui.site/blocks/company-logo,2025-01-22
https://www.shapexui.site/blocks/newsletter,2025-01-22
https://www.shapexui.site/blocks/pricing,2025-01-22
https://www.shapexui.site/blocks/rating,2025-01-22
https://www.shapexui.site/blocks/roadmap,2025-01-22
https://www.shapexui.site/blocks/stats,2025-01-22
https://www.shapexui.site/blocks/steps,2025-01-22
https://www.shapexui.site/blocks/teams,2025-01-22
https://www.shapexui.site/blocks/testimonial,2025-01-22
https://www.shapexui.site/blocks/analytics,2025-01-22
https://www.shapexui.site/blocks/e-commerce,2025-01-22
https://www.shapexui.site/blocks/file-manager,2025-01-22
https://www.shapexui.site/blocks/kanban,2025-01-22
